{
  "Movies": [
    {
      "id": "1",
      "title": "Kalank",
      "director": "Christopher Nolan",
      "release_date": "1973",
      "rating": 8.6,
      "genre": "Crime, Drama, Romance",
      "cast": [
        "Raj Kapoor",
        "Rajdhani",
        "Chandni Chowdhary",
        "Raghu Rao Dey"
      ],
      "description": "A drama about a young man who discovers his love for a woman in a small village.",
      "poster_url": "https://assets-in.bmscdn.com/iedb/movies/images/mobile/thumbnail/xlarge/kalank-et00074273-18-04-2018-10-27-54.jpg"
    },
    {
      "id": "2",
      "title": "The Godfather",
      "director": "Francis Ford Coppola",
      "release_date": "1972",
      "rating": 9.2,
      "genre": "Crime, Drama",
      "cast": [
        "Francis Ford Coppola",
        "Quentin Tarantino",
        "Al Pacino",
        "Clint Eastwood"
      ],
      "description": "The aging patriarch of an Italian-American family moves to New York City to support his son's younger brother.",
      "poster_url": "https://m.media-amazon.com/images/M/MV5BM2MyNjYxNmUtYTAwNi00MTYxLWJmNWYtYzZlODY3ZTk3OTFlXkEyXkFqcGdeQXVyNzkwMjQ5NzM@._V1_FMjpg_UX1000_.jpg"
    },
    {
      "id": "3",
      "title": "Kabir singh",
      "director": "Quentin Tarantino",
      "release_date": "1994",
      "rating": 8.9,
      "genre": "Crime, Drama",
      "cast": [
        "Quentin Tarantino",
        "Christopher Nolan",
        "Anthony Hopkins",
        "Kate Winslet"
      ],
      "description": "The story of a boxer who gets into an accident and then uses his skills to help a young man find his identity.",
      "poster_url": "https://rukminim2.flixcart.com/image/850/1000/jy4q3680/poster/s/z/k/large-kabir-singh-movie-jumbo-poster-for-room-office-kabir-singh-original-imafgej6t5ny9ezt.jpeg?q=90&crop=false"
    },
    {
      "id": "4",
      "title": "Padmaavat",
      "director": "Raghu Rao Dey",
      "release_date": "1965",
      "rating": 8.7,
      "genre": "Drama, Romance",
      "cast": [
        "Raghu Rao Dey",
        "Rajdhani",
        "Raj Kapoor",
        "Rajdhani"
      ],
      "description": "A story of love, loss, and the indomitable spirit of a young man in India.",
      "poster_url": "https://www.tallengestore.com/cdn/shop/products/Padmaavat-DeepikaPadukone-BollywoodHindiMoviePoster_ee53bd47-4b45-40e9-bfc4-9f6db47b9bfb.jpg?v=1625220934"
    },
    {
      "id": "5",
      "title": "Kabali",
      "director": "Raghu Rao Dey",
      "release_date": "1985",
      "rating": 8.8,
      "genre": "Drama, Romance",
      "cast": [
        "Raghu Rao Dey",
        "Rajdhani",
        "Raj Kapoor",
        "Rajdhani"
      ],
      "description": "A story of love, loss, and the indomitable spirit of a young man in India.",
      "poster_url": "https://cdn.myportfolio.com/9fd5290e2109e08ffd62f3f8f39a7073/19b372814f00846b1ca46dc2_rw_1200.jpg?h=0c018f6e791419d64d3c97d118b1e627"
    },
    {
      "id": "6",
      "title": "The Kite Runner",
      "director": "Christopher Nolan",
      "release_date": "2003",
      "rating": 8.6,
      "genre": "Drama, Romance, Thriller",
      "cast": [
        "Christopher Nolan",
        "Ryan Gosling",
        "Rachel Weisz",
        "Kate Winslet"
      ],
      "description": "A drama about a young man who discovers his love for a woman in a small village.",
      "poster_url": "https://m.media-amazon.com/images/M/MV5BOWM5Yzg4ODctM2ViMC00ZGEzLWI2YzEtZDYwY2E4YTBhYTY1XkEyXkFqcGdeQXVyNDk3NzU2MTQ@._V1_.jpg"
    },
    {
      "id": "8",
      "title": "Gadar 2",
      "director": "Francis Ford Coppola",
      "release_date": "1974",
      "rating": 9.2,
      "genre": "Crime, Drama, Thriller",
      "cast": [
        "Francis Ford Coppola",
        "Quentin Tarantino",
        "Al Pacino",
        "Marlon Brando"
      ],
      "description": "The reluctant son of a former mob boss struggles to find love in the city he has left behind.",
      "poster_url": "https://m.media-amazon.com/images/M/MV5BMWY1YTVmNmItMGFjZS00N2RhLWI0YjgtMDZlOWFhZWI1Y2YzXkEyXkFqcGdeQXVyMTYzMTU3Njgx._V1_.jpg"
    },
    {
      "id": "7",
      "title": "Love Aaj Kal",
      "director": "Frank Darabont",
      "release_date": "1994",
      "rating": 9.3,
      "genre": "Crime, Drama",
      "cast": [
        "Frank Darabont",
        "Christopher Nolan",
        "Anthony Hopkins",
        "Jason Eckhart"
      ],
      "description": "A story about a man who is wrongfully convicted of murder and is sentenced to life in Shawshank State Penitentiary.",
      "poster_url": "https://m.media-amazon.com/images/M/MV5BMjNhYzc0YmItOGZjOS00NWJlLWE3ZTEtNGI3MzAxNGYwZWExXkEyXkFqcGdeQXVyMTA5NzIyMDY5._V1_.jpg"
    },
    {
      "id": "9",
      "title": "",
      "description": "In an unfaltering spy mission, a Research and Analysis Wing (RAW) agent (Parineeti Chopra) must put on a brave face, race against time, and be ready to sacrifice everything.",
      "poster_url": "https://assets.gadgets360cdn.com/pricee/assets/product/202209/Code_Name_Tiranga_1663878733.jpg",
      "director": " Ribhu Dasgupta",
      "release_date": " 14 October 2022",
      "rating": "5",
      "genre": " Action, Thriller",
      "cast": [
        "Parineeti Chopra",
        "Harrdy Sandhu",
        "Sharad Kelkar",
        "Rajit Kapur",
        "Dibyendu Bhattacharya",
        "Shishir Sharma",
        "Sabyasachi Chakraborty",
        "Deesh Mariwala"
      ]
    }
  ]
}